State_Name,District_Name,Total_Area,Sugarcane_Area,Rice_Area,Latitude,Longitude
Andaman and Nicobar Islands,NICOBARS,151973.46,20.6,484.72999999999996,12.61123865,92.83165406414926
Andaman and Nicobar Islands,NORTH AND MIDDLE ANDAMAN,73255.33,366.63,34142.3,12.61123865,92.83165406414926
Andaman and Nicobar Islands,SOUTH ANDAMANS,111069.42,1117.28,43087.9,12.61123865,92.83165406414926
Andhra Pradesh,ANANTAPUR,18402978.0,6082.0,873755.0,14.72421995,77.43067380798242
Andhra Pradesh,CHITTOOR,6043328.0,559622.0,1164826.0,13.202648400000001,79.00322534350747
Andhra Pradesh,EAST GODAVARI,11537279.0,268503.0,7334255.0,16.99566385,81.71543778889063
Andhra Pradesh,GUNTUR,13695943.0,24765.0,5505963.0,16.2915189,80.4541588
Andhra Pradesh,KADAPA,7181571.0,11514.0,1081070.0,14.4752936,78.8216861
Andhra Pradesh,KRISHNA,11101892.0,283494.0,6287944.0,16.21277,81.03069575082347
Andhra Pradesh,KURNOOL,16793089.0,15659.0,1863159.0,15.8309251,78.0425373
Andhra Pradesh,PRAKASAM,9538632.0,6007.0,2241514.0,15.66426435,79.47330014039173
Andhra Pradesh,SPSR NELLORE,6095856.0,133085.0,4306522.0,14.7174388,79.66050570996853
Andhra Pradesh,SRIKAKULAM,7100201.0,118845.0,3699007.0,18.2949307,83.8938844
Andhra Pradesh,VISAKHAPATANAM,5438984.0,721816.0,1885936.0,15.9240905,80.1863809
Andhra Pradesh,VIZIANAGARAM,6478133.0,263685.0,2312002.0,18.1141255,83.4114389
Andhra Pradesh,WEST GODAVARI,11064351.0,535595.0,7992358.0,16.64430285,81.58852467942901
Arunachal Pradesh,ANJAW,89783.0,38.0,40854.0,28.1114301,96.82699963398373
Arunachal Pradesh,CHANGLANG,294804.0,5994.0,201256.0,27.272007000000002,96.06552596101915
Arunachal Pradesh,DIBANG VALLEY,144152.0,205.0,64879.0,28.8291044,95.95540957636018
Arunachal Pradesh,EAST KAMENG,217008.0,140.0,157472.0,27.55778095,92.96738426595107
Arunachal Pradesh,EAST SIANG,367803.0,3135.0,230190.0,28.07422185,95.41781490167907
Arunachal Pradesh,KURUNG KUMEY,54853.0,225.0,35231.0,27.98636765,93.15783468644102
Arunachal Pradesh,LOHIT,428381.0,366.0,214421.0,28.035016149999997,96.17135154220676
Arunachal Pradesh,LONGDING,14239.0,0.0,5780.0,26.879454600000003,95.3155652456941
Arunachal Pradesh,LOWER DIBANG VALLEY,300084.0,1111.0,144997.0,28.21495625,95.87877403567019
Arunachal Pradesh,LOWER SUBANSIRI,280080.0,1354.0,205351.0,27.53263265,93.78232445845654
Arunachal Pradesh,NAMSAI,119.0,0.0,0.0,27.71403055,96.01597093953018
Arunachal Pradesh,PAPUM PARE,225018.0,2651.0,160009.0,27.286366649999998,93.61877159710389
Arunachal Pradesh,TAWANG,89373.0,0.0,15073.0,27.674194200000002,91.93620587613823
Arunachal Pradesh,TIRAP,218532.0,1032.0,92505.0,27.03016895,95.49791754505583
Arunachal Pradesh,UPPER SIANG,175851.0,1550.0,117824.0,28.73120455,95.03773151350946
Arunachal Pradesh,UPPER SUBANSIRI,155120.0,758.0,99039.0,28.259605399999998,94.09381061309423
Arunachal Pradesh,WEST KAMENG,114193.0,0.0,15703.0,27.33862695,92.43336623881613
Arunachal Pradesh,WEST SIANG,534673.0,1719.0,409089.0,28.1970922,94.4840699707098
Assam,BAKSA,1669406.0,3547.0,959740.0,26.6275689,91.33885514581193
Assam,BARPETA,4661667.0,5152.0,2847650.0,26.345941,91.03970795827374
Assam,BONGAIGAON,2254305.0,3413.0,1431418.0,26.4800126,90.5580387
Assam,CACHAR,2582721.0,4240.0,1888769.0,24.758639950000003,92.88166475768219
Assam,CHIRANG,952645.0,1081.0,504871.0,26.6464231,90.62415698729875
Assam,DARRANG,3294808.0,13294.0,2099471.0,26.43734815,92.00471446482166
Assam,DHEMAJI,2090320.0,1693.0,1328631.0,27.5945155,94.71920979201423
Assam,DHUBRI,3383786.0,2631.0,1967999.0,26.132275049999997,90.12499622870274
Assam,DIBRUGARH,1985395.0,1869.0,1424018.0,27.4844597,94.9019447
Assam,DIMA HASAO,592322.0,39754.0,260560.0,25.400362549999997,93.07522922678905
Assam,GOALPARA,2144044.0,3054.0,1373386.0,26.04918765,90.60018585947726
Assam,GOLAGHAT,2628453.0,55108.0,1676797.0,26.5108262,93.9743686
Assam,HAILAKANDI,1163105.0,3981.0,832426.0,24.6846916,92.5645836
Assam,JORHAT,2419056.0,8231.0,1612662.0,26.7577925,94.2079645
Assam,KAMRUP,3801091.0,14454.0,2518605.0,26.14688605,91.22273972821812
Assam,KAMRUP METRO,437562.0,857.0,271996.0,26.1161377,91.7973256
Assam,KARBI ANGLONG,3691499.0,105185.0,2243551.0,26.0,93.5
Assam,KARIMGANJ,1790180.0,15014.0,1346350.0,24.58281955,92.37254865
Assam,KOKRAJHAR,3009337.0,2191.0,1806542.0,26.49121035,90.1215209027452
Assam,LAKHIMPUR,3513015.0,5442.0,2259955.0,27.17633555,94.19929317390199
Assam,MARIGAON,2364335.0,12699.0,1575963.0,26.290712,92.29221835627254
Assam,NAGAON,5914845.0,137213.0,3835540.0,26.3313646,92.75247628339588
Assam,NALBARI,2821208.0,2926.0,1975982.0,26.35336315,91.39836617554388
Assam,SIVASAGAR,2342052.0,1895.0,1772141.0,26.9834936,94.6394226
Assam,SONITPUR,4570289.0,39225.0,2906016.0,26.767770749999997,92.70140885850532
Assam,TINSUKIA,1747889.0,5265.0,1154254.0,27.4879722,95.3601855
Assam,UDALGURI,1594359.0,7636.0,876176.0,26.70472375,92.04215071409463
Bihar,ARARIA,4731108.0,1672.0,2194189.0,26.26510125,87.36994367279917
Bihar,ARWAL,526356.0,510.0,308588.0,25.18128315,84.65966477186029
Bihar,AURANGABAD,4578512.0,5509.0,2633557.0,24.80332005,84.41101977690866
Bihar,BANKA,2772616.0,24582.0,1771805.0,24.8328273,86.81611137878144
Bihar,BEGUSARAI,2863465.0,44467.0,439088.0,25.5125411,86.08833919362361
Bihar,BHAGALPUR,2788293.0,48457.0,703094.0,25.286135350000002,87.13042293057262
Bihar,BHOJPUR,3679675.0,4075.0,1753766.0,25.4501182,84.56351928394406
Bihar,BUXAR,2946465.0,7014.0,1284439.0,25.504483399999998,84.10975247469455
Bihar,DARBHANGA,3266916.0,14761.0,1505933.0,26.082989949999998,86.03249509324232
Bihar,GAYA,3429799.0,14400.0,1774048.0,24.67938895,85.01158329654393
Bihar,GOPALGANJ,3822922.0,338965.0,1517407.0,26.42111655,84.37391327996377
Bihar,JAMUI,1202989.0,10621.0,756130.0,24.75625135,86.30111278381085
Bihar,JEHANABAD,1863817.0,4097.0,939614.0,25.15295785,85.00650426458421
Bihar,KAIMUR (BHABUA),3500559.0,9115.0,1840832.0,25.0402736,83.6076361
Bihar,KATIHAR,4365293.0,1872.0,1956551.0,25.5586421,87.64571962485962
Bihar,KHAGARIA,2211529.0,1818.0,401409.0,25.4930513,86.69822644137813
Bihar,KISHANGANJ,2756769.0,605.0,1532238.0,26.29841435,87.94667148301295
Bihar,LAKHISARAI,1397340.0,60.0,454574.0,25.154393849999998,86.17449589670395
Bihar,MADHEPURA,3455081.0,14781.0,1331452.0,25.7806118,86.93647530783664
Bihar,MADHUBANI,5088631.0,8642.0,3052640.0,26.3503076,86.22964236520482
Bihar,MUNGER,1012531.0,817.0,471669.0,25.2202864,86.51614835791698
Bihar,MUZAFFARPUR,5175461.0,30066.0,2333368.0,26.1482548,85.3316096785584
Bihar,NALANDA,3695704.0,2548.0,1595700.0,25.1364914,85.44365464855682
Bihar,NAWADA,2312551.0,2693.0,1162180.0,24.817324900000003,85.51790846584018
Bihar,PASHCHIM CHAMPARAN,6389343.0,1165208.0,2834656.0,27.0,84.5
Bihar,PATNA,3685746.0,7085.0,1382165.0,25.6093239,85.1235252
Bihar,PURBI CHAMPARAN,6171031.0,170194.0,3252273.0,26.6465969,84.9091552
Bihar,PURNIA,4505985.0,1826.0,1911542.0,25.7758723,87.4087666694604
Bihar,ROHTAS,5985129.0,4881.0,3156079.0,24.93941425,84.01970311897313
Bihar,SAHARSA,3438761.0,1260.0,1561744.0,25.83307565,86.61437508111757
Bihar,SAMASTIPUR,4080094.0,49233.0,1479036.0,25.8559841,85.7867027
Bihar,SARAN,3750320.0,9486.0,1390764.0,25.9214451,84.77597313027485
Bihar,SHEIKHPURA,932611.0,2271.0,400917.0,25.1250741,85.81607708105014
Bihar,SHEOHAR,749830.0,28490.0,406871.0,26.49342335,85.27175608137802
Bihar,SITAMARHI,3319382.0,132881.0,1625546.0,26.5942841,85.500428
Bihar,SIWAN,4119159.0,70441.0,1770679.0,26.131008,84.39107448141786
Bihar,SUPAUL,4104529.0,958.0,1919547.0,26.2768089,86.79596143977405
Bihar,VAISHALI,2838174.0,2649.0,927313.0,25.74917025,85.39721640385531
Chandigarh,CHANDIGARH,12522.0,0.0,850.0,30.7334421,76.7797143
Chhattisgarh,BALOD,1009901.0,895.0,719769.0,20.7277192,81.1446947513626
Chhattisgarh,BALODA BAZAR,1113726.0,173.0,908917.0,21.573184750000003,82.2994820805541
Chhattisgarh,BALRAMPUR,748873.0,45683.0,321522.0,23.628257599999998,83.48109161894322
Chhattisgarh,BASTAR,4418798.0,7061.0,3303072.0,19.11912825,81.82918648971713
Chhattisgarh,BEMETARA,1342162.0,5243.0,627813.0,21.6783867,81.44125784340252
Chhattisgarh,BIJAPUR,577097.0,6.0,539132.0,18.7935679,80.815939
Chhattisgarh,BILASPUR,6248249.0,3106.0,4416266.0,22.1638486,82.13659231724193
Chhattisgarh,DANTEWADA,3090831.0,89.0,2168324.0,18.8640648,81.38339468738648
Chhattisgarh,DHAMTARI,3091363.0,133.0,2406147.0,20.532625850000002,81.71559867809776
Chhattisgarh,DURG,8865870.0,12123.0,5475583.0,21.1982964,81.40079215767969
Chhattisgarh,GARIYABAND,642095.0,289.0,540953.0,20.52675605,82.19172167092043
Chhattisgarh,JANJGIR-CHAMPA,4463843.0,564.0,3925816.0,21.986403,82.55366063452159
Chhattisgarh,JASHPUR,3831003.0,877.0,2706187.0,22.770251000000002,83.97080132252168
Chhattisgarh,KABIRDHAM,3497096.0,45525.0,1417830.0,22.115008500000002,81.24469439285053
Chhattisgarh,KANKER,3325082.0,21.0,2548877.0,20.2692747,81.4932111
Chhattisgarh,KONDAGAON,534616.0,39.0,400126.0,19.5885769,81.6628742
Chhattisgarh,KORBA,2086728.0,58.0,1642430.0,22.5198217,82.63500285150224
Chhattisgarh,KOREA,1739987.0,5.0,1045711.0,23.2382999,82.3906588
Chhattisgarh,MAHASAMUND,4363413.0,381.0,3839250.0,21.19228455,82.48902633077708
Chhattisgarh,MUNGELI,853500.0,860.0,434789.0,22.0661098,81.6874282
Chhattisgarh,NARAYANPUR,312315.0,30.0,223574.0,19.5842032,81.1136985512029
Chhattisgarh,RAIGARH,4453152.0,5735.0,3599863.0,22.23617945,83.35295335037318
Chhattisgarh,RAIPUR,7972033.0,1637.0,6503941.0,21.2380912,81.6336993
Chhattisgarh,RAJNANDGAON,6540602.0,462.0,4010340.0,21.06844245,80.797077941564
Chhattisgarh,SUKMA,389627.0,32.0,295590.0,18.26654225,81.29252341475065
Chhattisgarh,SURAJPUR,686086.0,4863.0,430699.0,23.357776899999998,82.97612766699449
Chhattisgarh,SURGUJA,6679251.0,19648.0,3890007.0,22.94691345,83.1656942260687
Dadra and Nagar Haveli,DADRA AND NAGAR HAVELI,330631.0,14456.0,230982.0,20.23379195,73.04951729927411
Goa,NORTH GOA,653866.1,2106.0,293773.0,15.60444125,74.00172406307475
Goa,SOUTH GOA,457401.4,8652.0,258507.0,15.219624,74.1159084575026
Gujarat,AHMADABAD,7890300.0,4500.0,1428800.0,23.0215374,72.5800568
Gujarat,AMRELI,8441000.0,22500.0,300.0,21.4176122,71.24960898982046
Gujarat,ANAND,2646700.0,0.0,857700.0,22.5586555,72.9627227
Gujarat,BANAS KANTHA,12174400.0,400.0,0.0,24.25,72.5
Gujarat,BHARUCH,5097700.0,368500.0,278800.0,21.7080427,72.9956936
Gujarat,BHAVNAGAR,8941100.0,2100.0,400.0,21.7718836,72.1416449
Gujarat,DANG,778300.0,500.0,234800.0,20.788171849999998,73.70920325426432
Gujarat,DOHAD,2943100.0,0.0,403800.0,22.3850051,71.745261
Gujarat,GANDHINAGAR,1793800.0,0.0,158600.0,23.2232877,72.6492267
Gujarat,JAMNAGAR,9743400.0,4800.0,0.0,22.4732415,70.0552102
Gujarat,JUNAGADH,10240900.0,130800.0,300.0,21.5220416,70.4582458
Gujarat,KACHCHH,7484600.0,2600.0,0.0,23.583333,70.0
Gujarat,KHEDA,6512800.0,3200.0,1820400.0,22.8532503,72.99535862253666
Gujarat,MAHESANA,6564800.0,0.0,124600.0,23.6015557,72.3867981
Gujarat,NARMADA,1139200.0,63800.0,135300.0,21.73926245,73.6262457912427
Gujarat,NAVSARI,945600.0,260500.0,571200.0,20.952407,72.9323831
Gujarat,PANCH MAHALS,5554000.0,1000.0,1293300.0,23.0,74.0
Gujarat,PATAN,3260800.0,0.0,0.0,23.773753,71.67985812598445
Gujarat,PORBANDAR,1288900.0,0.0,0.0,21.6409,69.611
Gujarat,RAJKOT,12523500.0,2900.0,0.0,22.3053263,70.8028377
Gujarat,SABAR KANTHA,7919500.0,2400.0,211500.0,23.5,73.25
Gujarat,SURAT,4500600.0,1778100.0,1213400.0,21.2094892,72.8317058
Gujarat,SURENDRANAGAR,10491300.0,4100.0,7500.0,22.82513945,71.62097359358216
Gujarat,TAPI,640500.0,85900.0,191100.0,21.1916567,73.55606306168934
Gujarat,VADODARA,7845500.0,59400.0,834100.0,22.2973142,73.1942567
Gujarat,VALSAD,1901800.0,314400.0,1176200.0,20.43219565,73.14098929730321
Haryana,AMBALA,2900321.0,211819.0,1201379.0,30.3843674,76.770421
Haryana,BHIWANI,9853651.0,26225.0,193984.0,28.7931703,76.1391283
Haryana,FARIDABAD,2428900.0,77385.0,347627.0,28.4031478,77.3105561
Haryana,FATEHABAD,6025238.0,20706.0,1143376.0,29.5359209,75.57529014661358
Haryana,GURGAON,2884891.0,2437.0,88537.0,28.4646148,77.0299194
Haryana,HISAR,8530119.0,52186.0,571037.0,29.239659600000003,75.81745047978342
Haryana,JHAJJAR,3462364.0,38917.0,304783.0,28.59644605,76.65053662578484
Haryana,JIND,6623231.0,88810.0,1619180.0,29.3140427,76.3179488
Haryana,KAITHAL,5535692.0,54362.0,2527877.0,29.7996588,76.3989903
Haryana,KARNAL,5605691.0,172273.0,2652969.0,29.7255766,76.91069238886621
Haryana,KURUKSHETRA,3981464.0,219819.0,1820711.0,29.9693747,76.8482787
Haryana,MAHENDRAGARH,3821700.0,14.0,99.0,28.132697049999997,76.16974476260464
Haryana,MEWAT,1243832.0,4170.0,54718.0,27.99351765,77.04196338756515
Haryana,PALWAL,757626.0,13042.0,153401.0,28.0599426,77.32234220926105
Haryana,PANCHKULA,606843.0,12445.0,116387.0,30.6975401,76.8551066
Haryana,PANIPAT,2640818.0,95602.0,1167782.0,29.3912753,76.9771675
Haryana,REWARI,2727159.0,321.0,19111.0,28.1956468,76.6165179
Haryana,ROHTAK,3330356.0,190274.0,402104.0,28.9010899,76.5801935
Haryana,SIRSA,9378725.0,11417.0,782928.0,29.606304100000003,74.9036567857643
Haryana,SONIPAT,4098725.0,166511.0,1221331.0,28.9953758,77.0233627
Haryana,YAMUNANAGAR,2885987.0,594216.0,982673.0,30.1231349,77.286329
Himachal Pradesh,BILASPUR,675332.0,295.0,20011.0,31.3380959,76.7611631
Himachal Pradesh,CHAMBA,735867.0,0.0,33761.0,32.692331550000006,76.16315522950366
Himachal Pradesh,HAMIRPUR,828324.0,407.0,29689.0,31.65398655,76.54036329970963
Himachal Pradesh,KANGRA,2426678.0,5100.0,448872.0,32.0768665,76.29858720759783
Himachal Pradesh,KINNAUR,49262.0,0.0,288.0,31.593012950000002,78.32814168568953
Himachal Pradesh,KULLU,602076.0,0.0,18737.0,31.9578974,77.1089232
Himachal Pradesh,LAHUL AND SPITI,32731.0,0.0,0.0,32.509934,77.0243657
Himachal Pradesh,MANDI,1747908.0,5.0,240769.0,31.65166165,77.00925418842219
Himachal Pradesh,SHIMLA,575136.0,2.0,25771.0,31.1041526,77.1709729
Himachal Pradesh,SIRMAUR,795436.0,13380.0,66913.0,30.6991321,77.44653038810971
Himachal Pradesh,SOLAN,683019.0,1669.0,47524.0,30.9077569,77.1023645
Himachal Pradesh,UNA,809828.0,2831.0,28153.0,31.5834642,76.23514522983882
Jammu and Kashmir ,ANANTNAG,735852.0,0.0,367809.0,33.746109950000005,75.18544753143254
Jammu and Kashmir ,BADGAM,451387.0,0.0,251277.0,34.0385248,74.7360163
Jammu and Kashmir ,BANDIPORA,35251.0,0.0,18791.0,34.4232433,74.635965
Jammu and Kashmir ,BARAMULLA,601223.0,0.0,286167.0,34.2086903,74.343498
Jammu and Kashmir ,DODA,653288.0,0.0,35564.0,33.13260995,75.58900789003377
Jammu and Kashmir ,GANDERBAL,28068.0,0.0,16047.0,34.288932200000005,75.04079833889585
Jammu and Kashmir ,JAMMU,1711733.0,407.0,541148.0,32.7185614,74.8580917
Jammu and Kashmir ,KARGIL,33862.0,0.0,0.0,32.7045476,74.871206
Jammu and Kashmir ,KATHUA,1080867.0,363.0,323079.0,32.3765524,75.5243044
Jammu and Kashmir ,KISHTWAR,44380.0,0.0,2139.0,33.3107908,75.7694213
Jammu and Kashmir ,KULGAM,58123.0,0.0,36305.0,33.6446899,75.0188432
Jammu and Kashmir ,KUPWARA,368617.0,0.0,132685.0,34.5140696,74.19136702721829
Jammu and Kashmir ,LEH LADAKH,42074.0,0.0,0.0,33.6649297,75.1629584
Jammu and Kashmir ,POONCH,414029.0,0.0,35085.0,33.7670004,74.0957143
Jammu and Kashmir ,PULWAMA,468434.0,0.0,222620.0,33.9490472,75.04183347471374
Jammu and Kashmir ,RAJAURI,918341.0,17.0,72398.0,33.3772495,74.3132332
Jammu and Kashmir ,RAMBAN,57293.0,0.0,2434.0,33.33328915,75.19847626653356
Jammu and Kashmir ,REASI,91203.0,0.0,6175.0,33.20599085,74.862679360101
Jammu and Kashmir ,SAMBA,134236.0,51.0,20359.0,32.57591175,75.12034455530063
Jammu and Kashmir ,SHOPIAN,13349.0,0.0,556.0,33.72078365,74.77142439698211
Jammu and Kashmir ,SRINAGAR,156080.0,0.0,100273.0,34.0747444,74.8204443
Jammu and Kashmir ,UDHAMPUR,998419.0,1399.0,93520.0,32.911964,75.32658448914768
Jharkhand,BOKARO,158752.24,0.0,133976.02,23.699127949999998,85.99106894165021
Jharkhand,CHATRA,227214.36000000002,649.96,133038.9,24.106231649999998,84.86233794829053
Jharkhand,DEOGHAR,360571.62,0.0,311618.61,24.4898318,86.6990182
Jharkhand,DHANBAD,146777.75,0.0,139341.16,23.7952809,86.4309638
Jharkhand,DUMKA,536445.11,0.0,422007.86,24.2677937,87.2485495
Jharkhand,EAST SINGHBUM,780464.0,0.0,772408.0700000001,23.4559809,85.2557301
Jharkhand,GARHWA,265661.78,129.6,118084.66,24.053577,83.65268182215235
Jharkhand,GIRIDIH,450185.26,0.0,341823.4,24.331454649999998,86.1548117295738
Jharkhand,GODDA,365560.81,78.66,254600.84999999998,24.864588599999998,87.2984837767587
Jharkhand,GUMLA,808764.5800000001,0.0,698338.01,23.1603759,84.45995652080032
Jharkhand,HAZARIBAGH,419631.24,1162.0800000000002,287877.37,24.0866962,85.4912231023477
Jharkhand,JAMTARA,186450.78,0.0,161429.66,23.9801639,86.92436369630936
Jharkhand,KHUNTI,1718.0,0.0,0.0,22.92818005,85.28144745743757
Jharkhand,KODERMA,102444.76,261.16999999999996,75270.4,24.4931239,85.55608107203881
Jharkhand,LATEHAR,179382.76,0.0,88311.9,23.6880057,84.49695511086065
Jharkhand,LOHARDAGA,259476.15,37.51,206323.95,23.4770044,84.69866841888845
Jharkhand,PAKUR,686970.82,3.7,646498.71,24.53259085,87.59323197586771
Jharkhand,PALAMU,441312.66000000003,239.27,211879.59,24.22129825,84.17255645743987
Jharkhand,RAMGARH,1669.0,0.0,0.0,23.693479,85.52159885702125
Jharkhand,RANCHI,1228780.27,0.0,1059681.48,23.3700501,85.3250387
Jharkhand,SAHEBGANJ,268726.98,0.0,225093.73,25.032043700000003,87.69176396030268
Jharkhand,SARAIKELA KHARSAWAN,333181.02,0.0,322739.76,22.7464225,85.91689291046393
Jharkhand,SIMDEGA,409989.3,4.87,356550.6,22.59045725,84.54648050193023
Jharkhand,WEST SINGHBHUM,770914.98,0.0,759466.44,22.4282857,85.53174827930928
Karnataka,BAGALKOT,8738096.0,979625.0,1917.0,16.1793224,75.6999315
Karnataka,BANGALORE RURAL,2591525.0,9385.0,147573.0,13.0010872,77.3361225
Karnataka,BELGAUM,16114752.0,2269092.0,1188501.0,15.8572666,74.5069343
Karnataka,BELLARY,9515634.0,70140.0,1722728.0,15.1433952,76.9193876
Karnataka,BENGALURU URBAN,1029178.0,1912.0,58839.0,12.94615545,77.55038444771247
Karnataka,BIDAR,7293118.0,434244.0,132707.0,18.02072965,77.24872035766641
Karnataka,BIJAPUR,15809149.0,468142.0,2179.0,16.8269911,75.7175387
Karnataka,CHAMARAJANAGAR,3126508.0,145989.0,277877.0,11.95442005,77.1069086262881
Karnataka,CHIKBALLAPUR,1204088.0,780.0,38782.0,13.4274405,77.7321433
Karnataka,CHIKMAGALUR,4154518.0,22142.0,811262.0,13.318014,75.7738743
Karnataka,CHITRADURGA,8749497.0,15909.0,213752.0,14.3049174,76.52972341987515
Karnataka,DAKSHIN KANNAD,2361734.0,3829.0,1126337.0,14.5203896,75.7223521
Karnataka,DAVANGERE,7595330.0,136287.0,1974279.0,14.4661266,75.9206361
Karnataka,DHARWAD,8819184.0,59641.0,598363.0,15.3707296,75.13328673460543
Karnataka,GADAG,8336755.0,11728.0,30489.0,15.41669195,75.6815801296564
Karnataka,GULBARGA,22284172.0,201484.0,780232.0,17.3310003,76.8334228
Karnataka,HASSAN,6574080.0,64368.0,975882.0,13.030185249999999,76.17449676658171
Karnataka,HAVERI,7089397.0,62087.0,817061.0,14.71802675,75.36564232024529
Karnataka,KODAGU,1011915.0,7.0,640673.0,12.3827332,75.66407145094288
Karnataka,KOLAR,3201685.0,14308.0,194121.0,13.18050655,78.26693288646007
Karnataka,KOPPAL,7574113.0,16365.0,1200229.0,15.57482375,76.3118493692591
Karnataka,MANDYA,4288112.0,404965.0,1330526.0,12.6368939,76.72754771427819
Karnataka,MYSORE,8266378.0,159731.0,2000186.0,12.3051828,76.6553609
Karnataka,RAICHUR,11678175.0,2918.0,2603114.0,16.054719400000003,76.90036472411589
Karnataka,RAMANAGARA,997781.0,5731.0,54898.0,12.720005950000001,77.31841990623
Karnataka,SHIMOGA,4894368.0,113562.0,2505299.0,14.05565025,75.23805528480658
Karnataka,TUMKUR,10283339.0,25734.0,559742.0,13.3400771,77.1006208
Karnataka,UDUPI,1685642.0,3062.0,1030875.0,13.5269784,74.87318787345797
Karnataka,UTTAR KANNAD,2228136.0,32967.0,1469084.0,14.5203896,75.7223521
Karnataka,YADGIR,1918832.0,3653.0,378912.0,16.57441225,76.92544344576471
Kerala,ALAPPUZHA,1713466.2,1467.08,577247.41,9.5006651,76.41241428564258
Kerala,ERNAKULAM,1902509.81,100.49,364981.34,9.98408,76.2741457
Kerala,IDUKKI,1968576.59,28769.25,43586.11,9.815478500000001,76.99915994809137
Kerala,KANNUR,2932815.84,106.25,147125.08,11.8763836,75.3737973
Kerala,KASARAGOD,1831484.1,28.3,96397.45,12.42219635,75.19044457747756
Kerala,KOLLAM,2124939.15,29.17,125068.31,8.8872399,76.5908768
Kerala,KOTTAYAM,1482366.58,612.84,249631.3,9.6287383,76.64553257390992
Kerala,KOZHIKODE,2946339.25,32.3,75671.5,11.2450558,75.7754716
Kerala,MALAPPURAM,3144797.71,42.14,245655.97,11.10684475,76.10995510466662
Kerala,PALAKKAD,3568651.76,17769.03,1719376.61,10.78736915,76.47421718925105
Kerala,PATHANAMTHITTA,801644.81,1409.33,67454.5,9.278084100000001,76.97374429915658
Kerala,THIRUVANANTHAPURAM,2179729.26,14.38,76941.67,8.4882267,76.947551
Kerala,THRISSUR,2413457.02,20.81,513409.4,10.5270099,76.214621
Kerala,WAYANAD,1446406.25,43.3,210396.59,11.71512915,76.12711850740615
Madhya Pradesh,AGAR MALWA,275941.0,14.0,2.0,23.935091999999997,76.14495952354727
Madhya Pradesh,ALIRAJPUR,1211469.0,18.0,42865.0,22.28595245,74.35456282607561
Madhya Pradesh,ANUPPUR,2112519.0,73.0,1109498.0,23.0346179,81.75102551563023
Madhya Pradesh,ASHOKNAGAR,4388103.0,6823.0,9490.0,24.618609499999998,77.87869828577024
Madhya Pradesh,BALAGHAT,5500946.0,16360.0,3982927.0,21.8611589,80.3237104768576
Madhya Pradesh,BARWANI,4067151.0,25792.0,34754.0,21.751424800000002,74.89159566675349
Madhya Pradesh,BETUL,8878367.0,72057.0,662595.0,21.8797472,77.87536507259225
Madhya Pradesh,BHIND,5675741.0,886.0,103665.0,26.3518828,78.68631887730044
Madhya Pradesh,BHOPAL,3564074.0,4791.0,9308.0,23.2584857,77.401989
Madhya Pradesh,BURHANPUR,1222744.0,29279.0,25136.0,21.33486695,76.37088027832233
Madhya Pradesh,CHHATARPUR,7666539.0,2533.0,207266.0,24.760608949999998,79.67817759088484
Madhya Pradesh,CHHINDWARA,9703702.0,110657.0,332869.0,22.20718965,78.79883295930742
Madhya Pradesh,DAMOH,6677302.0,889.0,860422.0,23.7981005,79.54193561694873
Madhya Pradesh,DATIA,3463988.0,52402.0,56388.0,25.91829465,78.66449615888288
Madhya Pradesh,DEWAS,9639958.0,19766.0,8506.0,22.8057498,76.294040773288
Madhya Pradesh,DHAR,11598270.0,10651.0,31483.0,22.578657200000002,75.22586367245644
Madhya Pradesh,DINDORI,4132635.0,38.0,1238007.0,22.9429903,81.0772172
Madhya Pradesh,GUNA,8454645.0,11186.0,16495.0,24.5001772,77.26009592641483
Madhya Pradesh,GWALIOR,4078133.0,26588.0,454542.0,26.2037247,78.1573628
Madhya Pradesh,HARDA,4945652.0,3193.0,18323.0,22.24279725,77.11791731666993
Madhya Pradesh,HOSHANGABAD,8643302.0,13993.0,270009.0,22.7545538,77.7198249
Madhya Pradesh,INDORE,6733221.0,1236.0,278.0,22.7203616,75.8681996
Madhya Pradesh,JABALPUR,5701719.0,6459.0,1051328.0,23.1701522,79.9324505
Madhya Pradesh,JHABUA,5183035.0,230.0,309745.0,22.88696515,74.72432486327068
Madhya Pradesh,KATNI,3901156.0,455.0,1637472.0,23.717639300000002,80.26101812940934
Madhya Pradesh,KHANDWA,7241151.0,18056.0,217141.0,21.8203752,76.3555424
Madhya Pradesh,KHARGONE,8161187.0,16539.0,68221.0,21.9544729,75.75212476982438
Madhya Pradesh,MANDLA,4682357.0,20342.0,1813590.0,22.687107400000002,80.58163411525186
Madhya Pradesh,MANDSAUR,7973993.0,158.0,101.0,24.2628148,75.38569204340352
Madhya Pradesh,MORENA,5752564.0,24053.0,10976.0,26.3849794,77.8612721274346
Madhya Pradesh,NARSINGHPUR,6395835.0,248542.0,204436.0,22.93455595,79.08678489806229
Madhya Pradesh,NEEMUCH,3829673.0,119.0,470.0,24.63055165,75.18289996326385
Madhya Pradesh,PANNA,4979866.0,2533.0,975153.0,24.44989305,80.14627227486437
Madhya Pradesh,RAISEN,8651254.0,9189.0,270658.0,23.2675909,78.17271344991482
Madhya Pradesh,RAJGARH,9674223.0,2949.0,497431.0,23.87167065,76.77447033719486
Madhya Pradesh,RATLAM,7276306.0,1764.0,36010.0,23.50222005,74.9551534052134
Madhya Pradesh,REWA,8044212.0,631.0,2109145.0,24.75608455,81.38105738502682
Madhya Pradesh,SAGAR,11606901.0,4730.0,123817.0,23.808307550000002,78.75825398721975
Madhya Pradesh,SATNA,7709880.0,2025.0,1502607.0,24.6954445,80.77703482475752
Madhya Pradesh,SEHORE,9480902.0,29610.0,80377.0,23.115004149999997,77.06653558236647
Madhya Pradesh,SEONI,7859726.0,14886.0,1902992.0,22.2748109,79.72025222428486
Madhya Pradesh,SHAHDOL,4611663.0,308.0,2215675.0,23.3002343,81.364771
Madhya Pradesh,SHAJAPUR,10328715.0,8435.0,5363.0,23.41710015,76.60747942907905
Madhya Pradesh,SHEOPUR,3251423.0,1767.0,114449.0,25.74992665,76.9212944875333
Madhya Pradesh,SHIVPURI,8502521.0,14480.0,117028.0,25.374121549999998,77.82788660942335
Madhya Pradesh,SIDHI,6346365.0,367.0,1616896.0,24.211268699999998,81.70004154154752
Madhya Pradesh,SINGRAULI,1363452.0,53.0,281985.0,24.2431343,82.3827672091869
Madhya Pradesh,TIKAMGARH,5753107.0,4644.0,267045.0,24.85521045,79.04725459918899
Madhya Pradesh,UJJAIN,12384465.0,2351.0,83.0,23.1885131,75.7716562
Madhya Pradesh,UMARIA,2289279.0,18.0,668050.0,23.64318365,80.94190777719564
Madhya Pradesh,VIDISHA,11184431.0,2715.0,10701.0,23.84630035,77.83702093017993
Maharashtra,AHMEDNAGAR,19352918.0,1281133.0,118386.0,19.162772500000003,74.85802430085195
Maharashtra,AKOLA,9849680.0,5903.0,5800.0,20.76181225,77.1921156663574
Maharashtra,AMRAVATI,13754389.0,21212.0,126263.0,21.15454115,77.64429617998744
Maharashtra,AURANGABAD,13668859.0,236943.0,6000.0,19.877263,75.3390241
Maharashtra,BEED,15328509.0,593140.0,30415.0,18.9918442,75.90978399809711
Maharashtra,BHANDARA,3990409.0,29618.0,3225597.0,21.1225869,79.79450898891825
Maharashtra,BULDHANA,13529689.0,15028.0,1900.0,20.562845000000003,76.40869861474177
Maharashtra,CHANDRAPUR,8100226.0,100.0,2432724.0,20.0967555,79.50454752230621
Maharashtra,DHULE,7863350.0,104428.0,130644.0,21.1305215,74.49006143365727
Maharashtra,GADCHIROLI,2979236.0,100.0,2518816.0,19.759070350000002,80.16228072580182
Maharashtra,GONDIA,3056338.0,6704.0,2581925.0,21.455228,80.1962729
Maharashtra,HINGOLI,6878904.0,166377.0,75241.0,19.54311635,77.17394323993398
Maharashtra,JALGAON,15357147.0,202124.0,11101.0,20.84288265,75.52612463784979
Maharashtra,JALNA,11453845.0,231251.0,7600.0,19.918832950000002,75.87085986165867
Maharashtra,KOLHAPUR,6845770.0,1762639.0,1741222.0,16.7028412,74.2405329
Maharashtra,LATUR,11806637.0,528279.0,239326.0,18.355334749999997,76.75489974062862
Maharashtra,MUMBAI,3.0,0.0,0.0,19.054999,72.8692035
Maharashtra,NAGPUR,9676976.0,11703.0,902298.0,21.1498134,79.0820556
Maharashtra,NANDED,13966248.0,236438.0,265600.0,19.09400875,77.48319215130235
Maharashtra,NANDURBAR,4359022.0,121443.0,476610.0,21.51416215,74.54055132515717
Maharashtra,NASHIK,12346411.0,408702.0,913506.0,20.0112475,73.7902364
Maharashtra,OSMANABAD,13162026.0,516938.0,235466.0,18.28224535,76.05881660170444
Maharashtra,PALGHAR,90900.0,0.0,74800.0,19.757249,73.09311986183509
Maharashtra,PARBHANI,14375215.0,251689.0,141400.0,19.29019805,76.60264434278307
Maharashtra,PUNE,13918900.0,1328142.0,1108228.0,18.5213738,73.8545071
Maharashtra,RAIGAD,2495397.0,0.0,2205928.0,18.4928092,73.13807095426539
Maharashtra,RATNAGIRI,1756399.0,0.0,1317570.0,17.282607900000002,73.4569787039826
Maharashtra,SANGLI,9789755.0,854447.0,297587.0,17.1726928,74.58676543279755
Maharashtra,SATARA,8919688.0,786308.0,793796.0,17.63612885,74.29827807601782
Maharashtra,SINDHUDURG,1468326.0,1100.0,1313195.0,16.135719299999998,73.65220860183584
Maharashtra,SOLAPUR,15588869.0,1669945.0,16203.0,17.84990665,75.27632027348457
Maharashtra,THANE,2888004.0,0.0,2304310.0,19.1943294,72.9701779
Maharashtra,WARDHA,7298884.0,41955.0,4201.0,20.82562315,78.61314549522919
Maharashtra,WASHIM,7275896.0,11606.0,8601.0,20.287417750000003,77.23696550258964
Maharashtra,YAVATMAL,15310863.0,89333.0,40206.0,20.0638677,78.35656629884886
Manipur,BISHNUPUR,197727.0,1057.0,177367.0,24.6267287,93.7600454
Manipur,CHANDEL,100910.0,970.0,75677.0,24.1700959,94.00596727469227
Manipur,CHURACHANDPUR,263344.0,1420.0,181084.0,24.281310750000003,93.67603860087425
Manipur,IMPHAL EAST,310574.0,30.0,287326.0,24.85154025,94.00947957721581
Manipur,IMPHAL WEST,198531.0,430.0,187596.0,24.757326,93.85847858025147
Manipur,SENAPATI,311861.0,0.0,247543.0,25.393369749999998,94.15051748246111
Manipur,TAMENGLONG,114256.0,150.0,92729.0,24.9858596,93.5039967
Manipur,THOUBAL,282741.0,80.0,239748.0,24.62525025,94.00835224071031
Manipur,UKHRUL,173068.0,0.0,139515.0,25.311073800000003,94.47537752375742
Meghalaya,EAST GARO HILLS,562957.0,461.0,296135.0,25.61849455,90.63421621777749
Meghalaya,EAST JAINTIA HILLS,386852.0,123.0,245741.0,25.25157605,92.48405006942016
Meghalaya,EAST KHASI HILLS,462238.0,0.0,100990.0,25.40237355,91.83171775361184
Meghalaya,NORTH GARO HILLS,24475.0,35.0,8680.0,25.8619841,90.70177048839348
Meghalaya,RI BHOI,268110.0,0.0,187921.0,25.87640255,91.85675741641606
Meghalaya,SOUTH GARO HILLS,271359.0,115.0,156119.0,25.347969,90.56577725964563
Meghalaya,SOUTH WEST GARO HILLS,42450.0,23.0,12794.0,25.44463095,89.99696550020556
Meghalaya,SOUTH WEST KHASI HILLS,11861.0,0.0,1784.0,25.330722100000003,91.32173879770662
Meghalaya,WEST GARO HILLS,1413022.0,656.0,719228.0,25.606314249999997,90.21139055037469
Meghalaya,WEST JAINTIA HILLS,25239.0,13.0,7998.0,25.4425965,92.29882747091773
Meghalaya,WEST KHASI HILLS,396906.0,115.0,148517.0,25.5814429,91.08510943564022
Mizoram,AIZAWL,286607.77,8310.0,225756.0,23.840704799999997,92.62105703739914
Mizoram,CHAMPHAI,146280.0,981.0,116662.0,23.54437435,93.34795058148227
Mizoram,KOLASIB,180291.0,2142.0,137249.0,24.2312934,92.6766233
Mizoram,LAWNGTLAI,37464.0,101.0,31516.0,22.5356749,92.8981758
Mizoram,LUNGLEI,144472.4,1983.0,115076.0,22.8863179,92.744237
Mizoram,MAMIT,58845.0,415.0,44748.0,23.7564387,92.45153737096814
Mizoram,SAIHA,42082.0,130.0,33242.0,22.488034,92.9813358
Mizoram,SERCHHIP,36017.0,667.0,26083.0,23.3078982,92.8556728
Nagaland,DIMAPUR,1025201.0,17270.0,555110.0,25.904137849999998,93.7177608788519
Nagaland,KIPHIRE,150300.0,1050.0,66280.0,25.81138215,94.8494968258058
Nagaland,KOHIMA,636331.0,3380.0,356860.0,25.6618755,94.1019156
Nagaland,LONGLENG,102490.0,820.0,49430.0,26.58393145,94.80454811417482
Nagaland,MOKOKCHUNG,566040.0,3640.0,313340.0,26.4795861,94.51052754768273
Nagaland,MON,601030.0,3730.0,285470.0,26.666667,95.0
Nagaland,PEREN,169720.0,3070.0,94740.0,25.450230599999998,93.60011541022698
Nagaland,PHEK,675790.0,1970.0,335320.0,25.6514473,94.38097877104043
Nagaland,TUENSANG,658250.0,2160.0,333270.0,26.23421065,94.74155301538642
Nagaland,WOKHA,662614.0,8490.0,340500.0,26.24225095,94.19211530177269
Nagaland,ZUNHEBOTO,589160.0,4320.0,233330.0,26.01238025,94.51237194730331
Odisha,ANUGUL,2728986.0,3861.0,1974458.0,20.8411255,85.08040066385269
Odisha,BALANGIR,5761794.0,18413.0,4417808.0,20.609518299999998,83.16730287009958
Odisha,BALESHWAR,5020767.0,3383.0,4510600.0,21.51979155,86.87906376156391
Odisha,BARGARH,7309040.0,16303.0,6094407.0,21.2319922,83.5652737033866
Odisha,BHADRAK,3763554.0,4133.0,3420613.0,20.9854052,86.59342264863574
Odisha,BOUDH,1658653.0,1321.0,1367845.0,20.6407463,83.99697042585481
Odisha,CUTTACK,4235208.0,38824.0,2911729.0,20.4686,85.8792
Odisha,DEOGARH,1196184.0,986.0,967376.0,21.5370786,84.7301184
Odisha,DHENKANAL,2801594.0,10257.0,2199352.0,20.835149350000002,85.60223048169827
Odisha,GAJAPATI,1265809.0,3223.0,730689.0,19.1966026,84.19306336169709
Odisha,GANJAM,7267243.0,33286.0,5268192.0,19.60900675,84.70806331829348
Odisha,JAGATSINGHAPUR,2638426.0,6605.0,1820015.0,20.1801473,86.341487373675
Odisha,JAJAPUR,3543456.0,8772.0,2606627.0,20.827789199999998,86.37983525915192
Odisha,JHARSUGUDA,1226906.0,1020.0,1082684.0,21.8019368,83.97139644649639
Odisha,KALAHANDI,6311974.0,9308.0,5065288.0,19.82657565,83.04087019477804
Odisha,KANDHAMAL,1477221.0,86.0,976929.0,20.13069385,84.07904760590154
Odisha,KENDRAPARA,3580563.0,2406.0,2734795.0,20.5475164,86.5296168190126
Odisha,KENDUJHAR,4629501.0,1906.0,3813946.0,21.5892323,85.66878413736906
Odisha,KHORDHA,2776557.0,6121.0,2227469.0,20.053814850000002,85.50233082193785
Odisha,KORAPUT,4094527.0,39884.0,2539493.0,18.7232023,82.61005964425227
Odisha,MALKANGIRI,2454044.0,185.0,1855621.0,18.27446845,81.952031579464
Odisha,MAYURBHANJ,7121480.0,287.0,6290203.0,21.915633800000002,86.39618239522102
Odisha,NABARANGPUR,4546010.0,34836.0,3119309.0,19.228896,82.5665715
Odisha,NAYAGARH,2829305.0,38585.0,1961164.0,20.23936825,85.0507280001334
Odisha,NUAPADA,2646396.0,454.0,2056480.0,20.5412657,82.52923519887409
Odisha,PURI,3779509.0,2638.0,3059122.0,19.8076083,85.8252538
Odisha,RAYAGADA,2177872.0,1580.0,1246291.0,19.44266975,83.58730533403485
Odisha,SAMBALPUR,3401941.0,837.0,3000758.0,21.5570606,84.15285150500952
Odisha,SONEPUR,2894233.0,2259.0,2639554.0,20.8453864,83.909083
Odisha,SUNDARGARH,5134393.0,1579.0,4388226.0,22.0605153,83.93591537678307
Puducherry,KARAIKAL,163899.0,330.0,120662.0,10.91571,79.8375761
Puducherry,MAHE,23631.0,0.0,8803.0,11.7021978,75.5364701
Puducherry,PONDICHERRY,342526.0,35677.0,245830.0,11.9340568,79.8306447
Puducherry,YANAM,17632.0,0.0,9902.0,16.7332235,82.2018117763748
Punjab,AMRITSAR,9704003.0,95303.0,4513000.0,31.6356659,74.8787496
Punjab,BARNALA,1877001.0,2000.0,836000.0,30.3716802,75.5039886995367
Punjab,BATHINDA,9244569.0,3000.0,1745000.0,30.17948135,75.04710979185342
Punjab,FARIDKOT,4089907.0,22000.0,1611000.0,30.6014507,74.79501756894368
Punjab,FATEHGARH SAHIB,3147102.0,45202.0,1515000.0,30.663404149999998,76.38030001704635
Punjab,FAZILKA,1289001.0,1001.0,274000.0,30.3198406,74.1217943299535
Punjab,FIROZEPUR,13142345.0,63100.0,4306000.0,30.9293211,75.5004841
Punjab,GURDASPUR,7812520.0,247920.0,3447000.0,31.9037264,75.22755867008682
Punjab,HOSHIARPUR,5383540.0,228420.0,1132000.0,31.60929415,75.84597544153354
Punjab,JALANDHAR,6142409.0,157709.0,2667000.0,31.29223115,75.56788777097373
Punjab,KAPURTHALA,4231403.0,57303.0,1957000.0,31.38564755,75.30533042971072
Punjab,LUDHIANA,9725232.0,59102.0,4606000.0,30.9090157,75.851601
Punjab,MANSA,6114836.0,6000.0,1360000.0,29.8764133,75.48895639945275
Punjab,MOGA,6030901.0,8000.0,2853000.0,30.7877554,75.15935898836224
Punjab,MUKTSAR,7219557.0,29000.0,1606000.0,30.4692,74.5182
Punjab,NAWANSHAHR,2846906.0,113506.0,912000.0,31.12696895,76.15989884152029
Punjab,PATHANKOT,290904.0,12004.0,85000.0,32.3021899,75.65894063717977
Punjab,PATIALA,9192603.0,38103.0,4339000.0,30.20927775,76.33972313649818
Punjab,RUPNAGAR,2746103.0,83203.0,770000.0,31.0917102,76.52897012920695
Punjab,S.A.S NAGAR,840701.0,3101.0,271000.0,30.7004182,76.6960683
Punjab,SANGRUR,12296732.0,41102.0,5732000.0,30.135717,75.85333259556887
Punjab,TARN TARAN,3351411.0,2001.0,1562000.0,31.32124525,74.84166874384624
Rajasthan,AJMER,6383681.0,560.0,379.0,26.4691,74.639
Rajasthan,ALWAR,10767193.0,1976.0,3762.0,27.414004849999998,76.61703869600933
Rajasthan,BANSWARA,4432664.0,6981.0,494077.0,23.49150465,74.35021720129201
Rajasthan,BARAN,6385679.0,1055.0,49749.0,24.92081645,76.6821984669639
Rajasthan,BARMER,20610694.0,0.0,0.0,25.5814853,71.19249222700306
Rajasthan,BHARATPUR,7414356.0,2252.0,33694.0,27.024695899999998,77.29201163357268
Rajasthan,BHILWARA,6667621.0,2709.0,4439.0,25.48911765,74.33007256947698
Rajasthan,BIKANER,15224857.0,257.0,406.0,28.0159286,73.3171367
Rajasthan,BUNDI,4906294.0,55942.0,350664.0,25.4367659,75.736147085863
Rajasthan,CHITTORGARH,7406903.0,17272.0,11195.0,24.7171578,74.47181293724019
Rajasthan,CHURU,17671043.0,0.0,0.0,28.20477805,74.69129960764752
Rajasthan,DAUSA,4536887.0,69.0,95.0,26.80486585,76.44374569929329
Rajasthan,DHOLPUR,2727849.0,1999.0,11770.0,26.7010642,77.896749
Rajasthan,DUNGARPUR,2270170.0,3303.0,280513.0,23.8538893,73.7087177
Rajasthan,GANGANAGAR,12761052.0,35860.0,64833.0,29.9049489,73.8792934139276
Rajasthan,HANUMANGARH,14660737.0,852.0,335268.0,29.3659533,74.29842896506344
Rajasthan,JAIPUR,12129907.0,1310.0,23.0,26.9154576,75.8189817
Rajasthan,JAISALMER,6642672.0,10.0,0.0,26.9116615,70.9124888
Rajasthan,JALORE,9334894.0,0.0,0.0,25.27186295,72.43881214602396
Rajasthan,JHALAWAR,6514888.0,637.0,11517.0,24.3132368,76.52210783164801
Rajasthan,JHUNJHUNU,8364980.0,8.0,0.0,28.0810679,75.37924775151512
Rajasthan,JODHPUR,15865207.0,2.0,5.0,26.2967719,73.0351433
Rajasthan,KARAULI,3923609.0,1392.0,25852.0,26.4530971,77.0160460838982
Rajasthan,KOTA,5321706.0,427.0,110850.0,25.1737019,75.8574194
Rajasthan,NAGAUR,17703896.0,7.0,0.0,26.9873443,73.73890107316704
Rajasthan,PALI,7914089.0,8.0,24.0,25.45522105,73.4193889559074
Rajasthan,PRATAPGARH,767792.0,21.0,4384.0,24.02322205,74.6250275136311
Rajasthan,RAJSAMAND,1543627.0,8256.0,2116.0,25.2892459,73.8241077454327
Rajasthan,SAWAI MADHOPUR,4739083.0,1317.0,4909.0,26.1137182,76.4240637330536
Rajasthan,SIKAR,8859406.0,305.0,0.0,27.662505799999998,75.02799052644464
Rajasthan,SIROHI,2335480.0,34.0,57.0,24.811404699999997,72.83002573160249
Rajasthan,TONK,7287704.0,2010.0,303.0,26.122266000000003,75.82386305157223
Rajasthan,UDAIPUR,4325739.0,8949.0,82177.0,24.578721,73.6862571
Sikkim,EAST DISTRICT,370600.0,0.0,95963.0,27.601029,88.45413638680145
Sikkim,NORTH DISTRICT,106969.0,0.0,18878.0,27.666667,88.5
Sikkim,SOUTH DISTRICT,403373.0,0.0,41480.0,27.333333,88.416667
Sikkim,WEST DISTRICT,434543.0,0.0,69296.0,27.601029,88.45413638680145
Tamil Nadu,ARIYALUR,540286.0,48724.0,141820.0,11.1530559,79.25857973608959
Tamil Nadu,COIMBATORE,3378541.0,117779.0,125905.0,11.0018115,76.9628425
Tamil Nadu,CUDDALORE,4716643.0,573322.0,1937133.0,11.52020705,79.33963564750636
Tamil Nadu,DHARMAPURI,4157890.0,302334.0,556128.0,12.14561305,78.11322171666458
Tamil Nadu,DINDIGUL,2937350.0,99241.0,319616.0,10.425689649999999,77.815663999998
Tamil Nadu,ERODE,3383444.0,512997.0,689830.0,11.49052815,77.35052739885393
Tamil Nadu,KANCHIPURAM,2711431.0,90554.0,2000727.0,12.9647163,79.9839686
Tamil Nadu,KANNIYAKUMARI,902305.0,22.0,376431.0,8.327981399999999,77.35411726732715
Tamil Nadu,KARUR,1488951.0,114297.0,252482.0,10.821767099999999,78.38286541157868
Tamil Nadu,KRISHNAGIRI,1431776.0,20720.0,187488.0,12.51520745,78.00937692782514
Tamil Nadu,MADURAI,2061229.0,92525.0,1016081.0,9.9261153,78.1140983
Tamil Nadu,NAGAPATTINAM,4111913.0,67596.0,2671505.0,10.60262025,79.7619347994777
Tamil Nadu,NAMAKKAL,2774673.0,249101.0,247408.0,11.303388949999999,78.1186040211884
Tamil Nadu,PERAMBALUR,2871142.0,170901.0,546770.0,11.2902641,78.9300404012642
Tamil Nadu,PUDUKKOTTAI,2535729.0,115687.0,1540013.0,10.2903072,78.81736165831396
Tamil Nadu,RAMANATHAPURAM,2867912.0,7016.0,2167840.0,9.5205576,78.51846345155016
Tamil Nadu,SALEM,3650390.0,179317.0,519835.0,11.64696155,78.21069575456464
Tamil Nadu,SIVAGANGA,1819022.0,86710.0,1367577.0,9.8486881,78.4870461
Tamil Nadu,THANJAVUR,4146524.0,202672.0,2848006.0,10.65903695,79.20142776213416
Tamil Nadu,THE NILGIRIS,93669.0,455.0,21818.0,11.4,76.7
Tamil Nadu,THENI,1449605.0,148235.0,274108.0,9.86925575,77.42229738345591
Tamil Nadu,THIRUVALLUR,2309890.0,113837.0,1559984.0,13.25376185,80.0562572426388
Tamil Nadu,THIRUVARUR,4171986.0,33648.0,2776470.0,10.6878621,79.49794371209825
Tamil Nadu,TIRUCHIRAPPALLI,2954751.0,95870.0,1086695.0,10.8071144,78.6880939
Tamil Nadu,TIRUNELVELI,2577137.0,70996.0,1340863.0,8.720311382076236,77.70747381587239
Tamil Nadu,TIRUPPUR,721904.0,37652.0,53183.0,10.791526650000002,77.53254662905589
Tamil Nadu,TIRUVANNAMALAI,4478072.0,452765.0,1786853.0,12.42892815,78.99914998830823
Tamil Nadu,TUTICORIN,2455911.0,3754.0,284829.0,8.8052602,78.1452745
Tamil Nadu,VELLORE,3271634.0,327569.0,785265.0,12.9021849,79.06110398623842
Tamil Nadu,VILLUPURAM,6204197.0,890786.0,2413980.0,11.9398285,79.4945645
Tamil Nadu,VIRUDHUNAGAR,2029509.0,57106.0,490260.0,9.4926289,77.86318306460637
Telangana ,ADILABAD,9619464.0,2056.0,1181134.0,19.6759452,78.5339895
Telangana ,HYDERABAD,1953.0,0.0,453.0,17.360589,78.4740613
Telangana ,KARIMNAGAR,10154285.0,27773.0,4431681.0,18.4348122,79.1328042
Telangana ,KHAMMAM,7280496.0,68824.0,2796235.0,17.2465351,80.1500326
Telangana ,MAHBUBNAGAR,14346400.0,8475.0,2362715.0,16.7434538,77.9923191
Telangana ,MEDAK,8558331.0,434199.0,1817466.0,17.9375095,78.21174498510584
Telangana ,NALGONDA,10490949.0,5618.0,4689362.0,16.8579636,79.21749353315548
Telangana ,NIZAMABAD,6581351.0,246038.0,2710143.0,18.6732693,78.0978477
Telangana ,RANGAREDDI,4012661.0,18969.0,700035.0,17.1399753,78.397566
Telangana ,WARANGAL,10029188.0,5.0,3153087.0,17.9820644,79.5970954
Tripura,DHALAI,578416.0,3831.0,517292.0,23.8253158,91.9732226716333
Tripura,GOMATI,109858.0,170.0,103385.0,23.4987407,91.2999111
Tripura,KHOWAI,78636.0,131.0,71608.0,23.9563913,91.64210695958099
Tripura,NORTH TRIPURA,741449.0,3321.0,690911.0,24.092147599999997,92.24512135019847
Tripura,SEPAHIJALA,150468.0,179.0,145693.0,23.66580045,91.32002751729334
Tripura,SOUTH TRIPURA,1317969.0,6611.0,1242798.0,23.170827799999998,91.63881696227517
Tripura,UNAKOTI,58175.0,284.0,52120.0,24.19098485,92.04604830534434
Tripura,WEST TRIPURA,1521589.0,1968.0,1464680.0,23.91533285,91.38793411347696
Uttar Pradesh,AGRA,6730448.0,5494.0,56408.0,27.1752554,78.0098161
Uttar Pradesh,ALIGARH,8190511.0,169273.0,869476.0,27.8761073,78.13581531245276
Uttar Pradesh,ALLAHABAD,8800763.0,16683.0,2992229.0,25.4381302,81.8338005
Uttar Pradesh,AMBEDKAR NAGAR,4744247.0,185984.0,2080825.0,26.40459405,82.60651543340809
Uttar Pradesh,AMETHI,1316624.0,6453.0,574390.0,26.346274049999998,81.62520390649198
Uttar Pradesh,AMROHA,3806669.0,1329620.0,477341.0,28.79526315,78.34362444291719
Uttar Pradesh,AURAIYA,3970999.0,18997.0,831530.0,26.65582145,79.51607566959635
Uttar Pradesh,AZAMGARH,8819036.0,391247.0,3697117.0,26.023639000000003,83.02931045602446
Uttar Pradesh,BAGHPAT,2407761.0,1238727.0,77257.0,29.037477850000002,77.3062736595316
Uttar Pradesh,BAHRAICH,8216921.0,401339.0,2710241.0,27.734382250000003,81.47653998303304
Uttar Pradesh,BALLIA,5962382.0,140816.0,2093714.0,25.7631132,84.1494783
Uttar Pradesh,BALRAMPUR,5322456.0,792251.0,1852149.0,27.4476988,82.39562446515757
Uttar Pradesh,BANDA,7065049.0,11407.0,944538.0,25.44385365,80.55952371281752
Uttar Pradesh,BARABANKI,7365785.0,243672.0,3073422.0,26.942140600000002,81.38560869842297
Uttar Pradesh,BAREILLY,8747098.0,1435200.0,2987744.0,28.45823445,79.40474517998476
Uttar Pradesh,BASTI,5093276.0,609197.0,2029660.0,26.838708349999997,82.53509190101042
Uttar Pradesh,BIJNOR,7062823.0,3827478.0,1038533.0,29.4074203,78.48214063370122
Uttar Pradesh,BUDAUN,10959386.0,457577.0,1510013.0,28.0367001,79.1234
Uttar Pradesh,BULANDSHAHR,7315315.0,910896.0,1022172.0,28.3874073,77.9743804965303
Uttar Pradesh,CHANDAULI,4073375.0,17357.0,1939034.0,25.125695049999997,83.24946012689054
Uttar Pradesh,CHITRAKOOT,3172884.0,6166.0,218412.0,25.21713895,81.10459272134409
Uttar Pradesh,DEORIA,5542665.0,226229.0,2295589.0,26.423991100000002,83.7638577758042
Uttar Pradesh,ETAH,7274242.0,109736.0,601140.0,27.5550357,78.59922214449577
Uttar Pradesh,ETAWAH,4009195.0,13685.0,806589.0,26.715562900000002,79.09170983360895
Uttar Pradesh,FAIZABAD,4199432.0,329301.0,1654444.0,26.7807986,82.1486589
Uttar Pradesh,FARRUKHABAD,3594055.0,147047.0,242179.0,27.43620025,79.48947783586553
Uttar Pradesh,FATEHPUR,6789254.0,144686.0,1453227.0,25.8348023,80.91545468512774
Uttar Pradesh,FIROZABAD,4663969.0,2507.0,327747.0,27.19419535,78.46049561440218
Uttar Pradesh,GAUTAM BUDDHA NAGAR,1848164.0,50492.0,344218.0,28.36871595,77.59701208101043
Uttar Pradesh,GHAZIABAD,2797382.0,972574.0,351265.0,28.7749966,77.4586967071196
Uttar Pradesh,GHAZIPUR,6832524.0,152565.0,2613972.0,25.60348625,83.50758884009142
Uttar Pradesh,GONDA,7857317.0,978668.0,2276665.0,27.1103723,81.92389055909715
Uttar Pradesh,GORAKHPUR,6648407.0,73690.0,2713403.0,26.6677977,83.364233378331
Uttar Pradesh,HAMIRPUR,5630780.0,56879.0,10450.0,25.75,80.0
Uttar Pradesh,HAPUR,335026.0,112326.0,61321.0,28.7166767,77.89043300265203
Uttar Pradesh,HARDOI,11269945.0,547493.0,2415695.0,27.336997750000002,80.09982319183257
Uttar Pradesh,HATHRAS,3658641.0,8487.0,239160.0,27.5724324,78.11162088731544
Uttar Pradesh,JALAUN,6369359.0,31662.0,16692.0,26.104863299999998,79.39191362484078
Uttar Pradesh,JAUNPUR,7854106.0,207534.0,2405643.0,25.7967065,82.4888992436659
Uttar Pradesh,JHANSI,7132986.0,1986.0,71711.0,25.529855,78.65278023546288
Uttar Pradesh,KANNAUJ,3809236.0,6289.0,337453.0,26.9986675,79.69279463324783
Uttar Pradesh,KANPUR DEHAT,3976465.0,37514.0,651200.0,26.45856395,79.85480520543226
Uttar Pradesh,KANPUR NAGAR,5536570.0,82882.0,810571.0,26.4410107,80.26528025980129
Uttar Pradesh,KASGANJ,1365787.0,41610.0,101770.0,27.788852749999997,78.8229700885066
Uttar Pradesh,KAUSHAMBI,2965697.0,37533.0,715418.0,25.5342456,81.44935673966953
Uttar Pradesh,KHERI,12188435.0,3944916.0,3276182.0,28.116667,80.716667
Uttar Pradesh,KUSHI NAGAR,5913582.0,1315275.0,2170099.0,27.1303344,80.859666
Uttar Pradesh,LALITPUR,6638391.0,2845.0,82701.0,24.6999688,78.51861997577222
Uttar Pradesh,LUCKNOW,2973765.0,6725.0,900868.0,26.8381,80.9346001
Uttar Pradesh,MAHARAJGANJ,6293906.0,342000.0,2971360.0,27.09360245,83.56606806432684
Uttar Pradesh,MAHOBA,4555895.0,31264.0,9037.0,25.36159385,79.70601096636403
Uttar Pradesh,MAINPURI,5350279.0,8242.0,1181005.0,27.20930715,79.06253691568566
Uttar Pradesh,MATHURA,6290410.0,124299.0,712298.0,27.4955539,77.6855554
Uttar Pradesh,MAU,3584835.0,145798.0,1574641.0,26.03909045,83.49858462133619
Uttar Pradesh,MEERUT,4306751.0,2288688.0,296662.0,29.0018557,77.76796714992041
Uttar Pradesh,MIRZAPUR,4822021.0,34449.0,1675157.0,24.9316896,82.62801628419575
Uttar Pradesh,MORADABAD,7721433.0,1149382.0,2158939.0,28.879655300000003,78.80953353954959
Uttar Pradesh,MUZAFFARNAGAR,6766624.0,3867761.0,525899.0,29.44969785,77.74293325807088
Uttar Pradesh,PILIBHIT,6749341.0,1015746.0,2778369.0,28.4947158,80.1076121626605
Uttar Pradesh,PRATAPGARH,5536201.0,25050.0,1859530.0,25.75,81.75
Uttar Pradesh,RAE BARELI,6557098.0,71298.0,2201667.0,26.25,81.25
Uttar Pradesh,RAMPUR,5664689.0,406249.0,2470222.0,28.7934728,79.18458064228349
Uttar Pradesh,SAHARANPUR,5900293.0,2340820.0,1075055.0,29.9856799,77.50406459058038
Uttar Pradesh,SAMBHAL,981498.0,86996.0,111017.0,28.42719275,78.55645464651963
Uttar Pradesh,SANT KABEER NAGAR,3542014.0,71575.0,1608595.0,27.1303344,80.859666
Uttar Pradesh,SANT RAVIDAS NAGAR,1688558.0,22911.0,488400.0,25.3574077,82.50029528652152
Uttar Pradesh,SHAHJAHANPUR,10021091.0,818205.0,3509807.0,27.9128583,79.74762537616267
Uttar Pradesh,SHAMLI,413468.0,194814.0,63570.0,29.481150749999998,77.2901343874282
Uttar Pradesh,SHRAVASTI,3530835.0,76819.0,1291492.0,27.5083429,82.0263569
Uttar Pradesh,SIDDHARTH NAGAR,6176286.0,59549.0,3050185.0,27.2752892,83.0675485
Uttar Pradesh,SITAPUR,10437677.0,2121557.0,2729477.0,27.502674749999997,80.833513937751
Uttar Pradesh,SONBHADRA,3757119.0,4692.0,1062092.0,24.4148159,83.0637516718631
Uttar Pradesh,SULTANPUR,6392542.0,180336.0,2472268.0,26.260473150000003,82.23805321467546
Uttar Pradesh,UNNAO,7566320.0,27038.0,1610612.0,26.5673264,80.61981926788883
Uttar Pradesh,VARANASI,2699180.0,95459.0,869398.0,25.3356491,83.0076292
Uttarakhand,ALMORA,1734170.0,0.0,321215.0,29.70265095,79.43263182057746
Uttarakhand,BAGESHWAR,611506.0,0.0,215959.0,30.0087902,79.92801830528973
Uttarakhand,CHAMOLI,693738.0,12969.0,191212.0,30.49859555,79.61905372220383
Uttarakhand,CHAMPAWAT,462296.0,99.0,133043.0,29.235032,80.10230681491865
Uttarakhand,DEHRADUN,1008678.0,197963.0,186234.0,30.3255646,78.0436813
Uttarakhand,HARIDWAR,1924035.0,924325.0,261807.0,29.9384473,78.1452985
Uttarakhand,NAINITAL,983735.0,72157.0,204246.0,29.3905295,79.460869
Uttarakhand,PAURI GARHWAL,1560984.0,38.0,310691.0,29.8473168,78.70704792061838
Uttarakhand,PITHORAGARH,1089392.0,0.0,346973.0,30.126497450000002,80.48169891016147
Uttarakhand,RUDRA PRAYAG,458224.0,0.0,144664.0,30.0417376,79.089691
Uttarakhand,TEHRI GARHWAL,1183531.0,0.0,198144.0,30.465818050000003,78.48373488309977
Uttarakhand,UDAM SINGH NAGAR,3903261.0,448036.0,1759523.0,30.0417376,79.089691
Uttarakhand,UTTAR KASHI,596701.0,1.0,163507.0,30.0417376,79.089691
West Bengal,24 PARAGANAS NORTH,7297029.0,12991.0,4845029.0,22.9964948,87.6855882
West Bengal,24 PARAGANAS SOUTH,8162372.0,1424.0,7399112.0,22.9964948,87.6855882
West Bengal,BANKURA,7947850.0,1296.0,6699271.0,23.132376999999998,87.20819250835955
West Bengal,BARDHAMAN,13577332.0,19520.0,11405776.0,23.2495714,87.8681751
West Bengal,BIRBHUM,8503014.0,19913.0,6714522.0,24.06215315,87.69828228934051
West Bengal,COOCHBEHAR,8019567.0,2740.0,5012297.0,26.340623,89.48121632866385
West Bengal,DARJEELING,1402095.0,53.0,609351.0,27.0377554,88.263176
West Bengal,DINAJPUR DAKSHIN,4753110.0,198.0,3590547.0,25.385806950000003,88.50633619999999
West Bengal,DINAJPUR UTTAR,7845398.0,5366.0,4743999.0,25.8721428,87.9619860446771
West Bengal,HOOGHLY,8210952.0,5010.0,5234190.0,22.90994025,88.01208246766723
West Bengal,HOWRAH,2582394.0,671.0,2173903.0,22.5736296,88.3251045
West Bengal,JALPAIGURI,6588038.0,2608.0,4345569.0,26.62628045,88.73344851670664
West Bengal,MALDAH,6472835.0,60892.0,3740401.0,25.09770975,88.12617134920436
West Bengal,MEDINIPUR EAST,8239334.0,1098.0,7388907.0,22.2905507,87.9158659
West Bengal,MEDINIPUR WEST,14625335.0,53645.0,11596942.0,22.2788943,87.92227864380936
West Bengal,MURSHIDABAD,14383189.0,103160.0,6632575.0,24.1745993,88.2721335
West Bengal,NADIA,11051095.0,31321.0,4912374.0,23.4847374,88.55670673333935
West Bengal,PURULIA,5541763.0,8668.0,4948689.0,23.2020967,86.32289877475208
